,mean_fit_time,mean_score_time,mean_test_score,mean_train_score,param_NN__alpha,param_NN__hidden_layer_sizes,param_km__n_clusters,params,rank_test_score,split0_test_score,split0_train_score,split1_test_score,split1_train_score,split2_test_score,split2_train_score,split3_test_score,split3_train_score,split4_test_score,split4_train_score,std_fit_time,std_score_time,std_test_score,std_train_score
0,0.0626957893371582,0.0007976055145263672,0.36015325670498083,0.3687682112374616,0.1,"(50, 50)",2,"{'km__n_clusters': 2, 'NN__hidden_layer_sizes': (50, 50), 'NN__alpha': 0.1}",54,0.36666666666666664,0.3752997601918465,0.3333333333333333,0.34652278177458035,0.38095238095238093,0.3764988009592326,0.34782608695652173,0.36200716845878134,0.3719806763285024,0.3835125448028674,0.007242037175287138,7.634363940211082e-05,0.017265754645414945,0.013117845500851122
1,0.12253971099853515,0.001362180709838867,0.3438697318007663,0.36829976878712084,0.1,"(50, 50)",5,"{'km__n_clusters': 5, 'NN__hidden_layer_sizes': (50, 50), 'NN__alpha': 0.1}",80,0.35714285714285715,0.3657074340527578,0.36666666666666664,0.36810551558752996,0.38095238095238093,0.3776978417266187,0.28502415458937197,0.34408602150537637,0.3285024154589372,0.3859020310633214,0.01478325710487146,0.0005281694827695496,0.03391156165855967,0.014079963801949195
2,0.1392742156982422,0.0008266448974609375,0.33620689655172414,0.35056599881385214,0.1,"(50, 50)",10,"{'km__n_clusters': 10, 'NN__hidden_layer_sizes': (50, 50), 'NN__alpha': 0.1}",102,0.2857142857142857,0.31774580335731417,0.35714285714285715,0.3645083932853717,0.40476190476190477,0.35731414868105515,0.33816425120772947,0.35244922341696533,0.2946859903381642,0.36081242532855434,0.013292752446952586,5.792038718712644e-05,0.0434619624821967,0.01688566795398992
3,0.18452062606811523,0.0007882118225097656,0.3668582375478927,0.3651865604290761,0.1,"(50, 50)",15,"{'km__n_clusters': 15, 'NN__hidden_layer_sizes': (50, 50), 'NN__alpha': 0.1}",41,0.36666666666666664,0.3657074340527578,0.3761904761904762,0.3776978417266187,0.38095238095238093,0.35851318944844124,0.3864734299516908,0.3632019115890084,0.32367149758454106,0.36081242532855434,0.0279111639097782,4.193429704323672e-05,0.022440452962131267,0.006699391586991529
4,0.18576760292053224,0.0010038375854492187,0.34674329501915707,0.3400488211581273,0.1,"(50, 50)",20,"{'km__n_clusters': 20, 'NN__hidden_layer_sizes': (50, 50), 'NN__alpha': 0.1}",70,0.38095238095238093,0.34172661870503596,0.3952380952380952,0.36330935251798563,0.3333333333333333,0.32973621103117506,0.357487922705314,0.3548387096774194,0.26570048309178745,0.3106332138590203,0.028816634661560526,0.00015203798566062665,0.04549478694813633,0.01862383422698047
5,0.23405137062072753,0.0010084152221679688,0.4013409961685824,0.3807508831644362,0.1,"(50, 50)",25,"{'km__n_clusters': 25, 'NN__hidden_layer_sizes': (50, 50), 'NN__alpha': 0.1}",2,0.4238095238095238,0.37050359712230213,0.38571428571428573,0.38609112709832133,0.3904761904761905,0.3908872901678657,0.4057971014492754,0.3763440860215054,0.40096618357487923,0.37992831541218636,0.028828012566787308,0.00014181497834779276,0.013355755025788733,0.007160562857874684
6,0.2719749927520752,0.000989246368408203,0.3524904214559387,0.3498268052224887,0.1,"(50, 50)",30,"{'km__n_clusters': 30, 'NN__hidden_layer_sizes': (50, 50), 'NN__alpha': 0.1}",58,0.35714285714285715,0.34532374100719426,0.35714285714285715,0.3345323741007194,0.3523809523809524,0.328537170263789,0.40096618357487923,0.3751493428912784,0.2946859903381642,0.3655913978494624,0.05472573643489212,0.00018731474587732987,0.0337216263472344,0.01787287924214789
7,0.26552567481994627,0.0009705066680908203,0.3735632183908046,0.36109091221646344,0.1,"(50, 50)",35,"{'km__n_clusters': 35, 'NN__hidden_layer_sizes': (50, 50), 'NN__alpha': 0.1}",40,0.37142857142857144,0.35611510791366907,0.3333333333333333,0.31894484412470026,0.3761904761904762,0.3800959232613909,0.40096618357487923,0.3763440860215054,0.3864734299516908,0.3739545997610514,0.011858628736939597,8.986433663251908e-05,0.02257855559262813,0.0226290693456212
8,0.295715856552124,0.0016357898712158203,0.33620689655172414,0.3572978176598506,0.1,"(50, 50)",40,"{'km__n_clusters': 40, 'NN__hidden_layer_sizes': (50, 50), 'NN__alpha': 0.1}",102,0.3619047619047619,0.3764988009592326,0.3380952380952381,0.3489208633093525,0.3476190476190476,0.37170263788968827,0.34782608695652173,0.36798088410991636,0.28502415458937197,0.3213859020310633,0.028165700633419846,0.0007022860515123543,0.02656945242936318,0.02024916572411354
9,0.05812406539916992,0.0006729602813720703,0.22509578544061304,0.22509648195422155,0.1,"(50,)",2,"{'km__n_clusters': 2, 'NN__hidden_layer_sizes': (50,), 'NN__alpha': 0.1}",169,0.22380952380952382,0.22541966426858512,0.22380952380952382,0.22541966426858512,0.22380952380952382,0.22541966426858512,0.22705314009661837,0.22461170848267623,0.22705314009661837,0.22461170848267623,0.028204312066901778,0.0001315302037019244,0.0015867167965498725,0.0003958158820412308
10,0.10891103744506836,0.0007642269134521485,0.2049808429118774,0.20682808591836208,0.1,"(50,)",5,"{'km__n_clusters': 5, 'NN__hidden_layer_sizes': (50,), 'NN__alpha': 0.1}",173,0.21428571428571427,0.19304556354916066,0.15714285714285714,0.1750599520383693,0.20952380952380953,0.15707434052757793,0.13043478260869565,0.15053763440860216,0.3140096618357488,0.35842293906810035,0.01873537735665635,0.0002464012633293818,0.06277495698416476,0.07723240494267805
11,0.1642669677734375,0.0008067607879638672,0.3611111111111111,0.35175214666976096,0.1,"(50,)",10,"{'km__n_clusters': 10, 'NN__hidden_layer_sizes': (50,), 'NN__alpha': 0.1}",50,0.3619047619047619,0.31654676258992803,0.3523809523809524,0.3776978417266187,0.3380952380952381,0.3333333333333333,0.37681159420289856,0.34528076463560337,0.37681159420289856,0.3859020310633214,0.05654988055347445,0.00015331085120457087,0.01482445467449445,0.02630568088622581
12,0.1554935932159424,0.0007299900054931641,0.33045977011494254,0.33019004151517495,0.1,"(50,)",15,"{'km__n_clusters': 15, 'NN__hidden_layer_sizes': (50,), 'NN__alpha': 0.1}",116,0.34285714285714286,0.3069544364508393,0.2714285714285714,0.27817745803357313,0.40476190476190477,0.36330935251798563,0.30917874396135264,0.35603345280764637,0.32367149758454106,0.34647550776583036,0.014103775542255219,7.89927060398818e-05,0.044060151586181914,0.032481346224164875
13,0.2077794075012207,0.0011441230773925782,0.2662835249042146,0.26635122009918943,0.1,"(50,)",20,"{'km__n_clusters': 20, 'NN__hidden_layer_sizes': (50,), 'NN__alpha': 0.1}",141,0.1380952380952381,0.16546762589928057,0.38571428571428573,0.35851318944844124,0.38571428571428573,0.36930455635491605,0.20772946859903382,0.2222222222222222,0.21256038647342995,0.2162485065710872,0.0411342303431579,0.0006371384982089874,0.1014675854744049,0.08213204974395011
14,0.23496365547180176,0.0011272430419921875,0.25383141762452105,0.25664113870194166,0.1,"(50,)",25,"{'km__n_clusters': 25, 'NN__hidden_layer_sizes': (50,), 'NN__alpha': 0.1}",163,0.3904761904761905,0.36211031175059955,0.319047619047619,0.3237410071942446,0.29523809523809524,0.328537170263789,0.13043478260869565,0.13261648745519714,0.13043478260869565,0.13620071684587814,0.029195086169014426,0.0007513401160388794,0.10485417985432377,0.10068086958636918
15,0.37313199043273926,0.0017663955688476563,0.3524904214559387,0.3436639935363537,0.1,"(50,)",30,"{'km__n_clusters': 30, 'NN__hidden_layer_sizes': (50,), 'NN__alpha': 0.1}",58,0.36666666666666664,0.35731414868105515,0.37142857142857144,0.3441247002398082,0.38095238095238093,0.3764988009592326,0.33816425120772947,0.2951015531660693,0.30434782608695654,0.34528076463560337,0.1302393095194241,0.0016211009268905223,0.027852373437772058,0.02692800820017466
16,0.3077752113342285,0.0012827396392822265,0.3381226053639847,0.3249881814978125,0.1,"(50,)",35,"{'km__n_clusters': 35, 'NN__hidden_layer_sizes': (50,), 'NN__alpha': 0.1}",89,0.35714285714285715,0.3669064748201439,0.3,0.3117505995203837,0.37142857142857144,0.34652278177458035,0.37681159420289856,0.3213859020310633,0.28502415458937197,0.27837514934289126,0.07276094462451647,0.0006379905371816844,0.03800071374928726,0.030271660294006384
17,0.29190759658813475,0.000983428955078125,0.25383141762452105,0.27644980789561896,0.1,"(50,)",40,"{'km__n_clusters': 40, 'NN__hidden_layer_sizes': (50,), 'NN__alpha': 0.1}",163,0.21428571428571427,0.2038369304556355,0.20476190476190476,0.2290167865707434,0.21904761904761905,0.2146282973621103,0.3333333333333333,0.37037037037037035,0.2995169082125604,0.3643966547192354,0.0315983260778385,0.00015542868324586092,0.05205114787132362,0.074699585766663
18,0.06290779113769532,0.005718040466308594,0.38122605363984674,0.38122620183423156,0.1,"(25,)",2,"{'km__n_clusters': 2, 'NN__hidden_layer_sizes': (25,), 'NN__alpha': 0.1}",17,0.38095238095238093,0.381294964028777,0.38095238095238093,0.381294964028777,0.38095238095238093,0.381294964028777,0.38164251207729466,0.3811230585424134,0.38164251207729466,0.3811230585424134,0.02050629836006529,0.010288152252333416,0.00033759931841486414,8.42161451151526e-05
19,0.1208383560180664,0.0007052421569824219,0.25766283524904215,0.25795019898060045,0.1,"(25,)",5,"{'km__n_clusters': 5, 'NN__hidden_layer_sizes': (25,), 'NN__alpha': 0.1}",155,0.29523809523809524,0.2997601918465228,0.22857142857142856,0.22422062350119903,0.30952380952380953,0.31654676258992803,0.22705314009661837,0.22461170848267623,0.22705314009661837,0.22461170848267623,0.010670900576997383,0.00023126061423360525,0.03697014667978466,0.04133334472227346
20,0.15407447814941405,0.0009453773498535156,0.2662835249042146,0.27583438625443735,0.1,"(25,)",10,"{'km__n_clusters': 10, 'NN__hidden_layer_sizes': (25,), 'NN__alpha': 0.1}",141,0.38571428571428573,0.3405275779376499,0.36666666666666664,0.35731414868105515,0.06666666666666667,0.09112709832134293,0.2222222222222222,0.21505376344086022,0.2898550724637681,0.3751493428912784,0.026837998740590098,0.00011030011370916886,0.11578579797058998,0.10816532500967392
21,0.16344122886657714,0.000905609130859375,0.26053639846743293,0.242656627386263,0.1,"(25,)",15,"{'km__n_clusters': 15, 'NN__hidden_layer_sizes': (25,), 'NN__alpha': 0.1}",149,0.3904761904761905,0.35851318944844124,0.12380952380952381,0.15347721822541965,0.40476190476190477,0.3273381294964029,0.1932367149758454,0.18518518518518517,0.18840579710144928,0.18876941457586618,0.023965224694118322,0.0003124252416528731,0.11519703030419604,0.08337081643347259
22,0.17864198684692384,0.0007326126098632813,0.31800766283524906,0.31709600061885973,0.1,"(25,)",20,"{'km__n_clusters': 20, 'NN__hidden_layer_sizes': (25,), 'NN__alpha': 0.1}",117,0.36666666666666664,0.37170263788968827,0.3761904761904762,0.3381294964028777,0.2904761904761905,0.3057553956834532,0.32367149758454106,0.2974910394265233,0.2318840579710145,0.2724014336917563,0.024389215946666213,6.806211976073619e-05,0.052789156545200396,0.034452462656186005
23,0.23355550765991212,0.0009204387664794922,0.33237547892720304,0.341717163903286,0.1,"(25,)",25,"{'km__n_clusters': 25, 'NN__hidden_layer_sizes': (25,), 'NN__alpha': 0.1}",112,0.3952380952380952,0.3405275779376499,0.3142857142857143,0.3369304556354916,0.34285714285714286,0.3513189448441247,0.2898550724637681,0.3201911589008363,0.3188405797101449,0.35961768219832735,0.027574041409101684,0.0002988625190521046,0.035743669619973835,0.01341878783380273
24,0.1903958797454834,0.000659322738647461,0.2557471264367816,0.2692856467514161,0.1,"(25,)",30,"{'km__n_clusters': 30, 'NN__hidden_layer_sizes': (25,), 'NN__alpha': 0.1}",159,0.14285714285714285,0.12709832134292565,0.23809523809523808,0.26258992805755393,0.2761904761904762,0.2637889688249401,0.3526570048309179,0.3655913978494624,0.27053140096618356,0.32735961768219835,0.01199042978921798,3.742627997304853e-05,0.06793873210182713,0.08116608333300664
25,0.2272573947906494,0.0012928009033203124,0.3342911877394636,0.3345461265396285,0.1,"(25,)",35,"{'km__n_clusters': 35, 'NN__hidden_layer_sizes': (25,), 'NN__alpha': 0.1}",108,0.34285714285714286,0.30455635491606714,0.37142857142857144,0.3764988009592326,0.37142857142857144,0.3441247002398082,0.34782608695652173,0.3333333333333333,0.23671497584541062,0.3142174432497013,0.010305802263075212,0.0010489471522943227,0.04993730729388315,0.025163022866038356
26,0.24286198616027832,0.0007363796234130859,0.30938697318007663,0.3340544768486286,0.1,"(25,)",40,"{'km__n_clusters': 40, 'NN__hidden_layer_sizes': (25,), 'NN__alpha': 0.1}",125,0.29523809523809524,0.290167865707434,0.36666666666666664,0.38489208633093525,0.3380952380952381,0.33093525179856115,0.27053140096618356,0.3118279569892473,0.2753623188405797,0.35244922341696533,0.01994979086449686,9.916018738499846e-05,0.037348357938737205,0.032718837469016875
27,0.09095931053161621,0.0011199951171875,0.3055555555555556,0.31003842087620226,0.1,"(25, 25)",2,"{'km__n_clusters': 2, 'NN__hidden_layer_sizes': (25, 25), 'NN__alpha': 0.1}",135,0.37142857142857144,0.37170263788968827,0.38571428571428573,0.3920863309352518,0.07142857142857142,0.07314148681055156,0.38164251207729466,0.37992831541218636,0.3188405797101449,0.3333333333333333,0.012336882339735965,0.0009804731467714374,0.11989270737645966,0.12006809974284247
28,0.10418744087219238,0.0010977745056152343,0.3055555555555556,0.2791048881325048,0.1,"(25, 25)",5,"{'km__n_clusters': 5, 'NN__hidden_layer_sizes': (25, 25), 'NN__alpha': 0.1}",135,0.3619047619047619,0.34532374100719426,0.36666666666666664,0.3249400479616307,0.38095238095238093,0.34772182254196643,0.30917874396135264,0.2891278375149343,0.10628019323671498,0.0884109916367981,0.01454622918251344,0.0008327211359373519,0.10202765831904037,0.09763063424498652
29,0.1718294620513916,0.0009646415710449219,0.3486590038314176,0.3548868432136012,0.1,"(25, 25)",10,"{'km__n_clusters': 10, 'NN__hidden_layer_sizes': (25, 25), 'NN__alpha': 0.1}",66,0.35714285714285715,0.3657074340527578,0.3619047619047619,0.3369304556354916,0.38571428571428573,0.3645083932853717,0.34782608695652173,0.3632019115890084,0.2898550724637681,0.34408602150537637,0.014184704712130066,0.00026324753963662015,0.0318075894488248,0.01198239857797989
30,0.15769720077514648,0.0007309436798095704,0.17049808429118773,0.1716098089270519,0.1,"(25, 25)",15,"{'km__n_clusters': 15, 'NN__hidden_layer_sizes': (25, 25), 'NN__alpha': 0.1}",177,0.12857142857142856,0.12829736211031176,0.14285714285714285,0.13189448441247004,0.16666666666666666,0.1354916067146283,0.13526570048309178,0.13142174432497014,0.28019323671497587,0.3309438470728793,0.01781886744397761,5.334130723314709e-05,0.05605539584972777,0.07969970618506206
31,0.19973511695861818,0.0008460521697998047,0.30842911877394635,0.30651779651547584,0.1,"(25, 25)",20,"{'km__n_clusters': 20, 'NN__hidden_layer_sizes': (25, 25), 'NN__alpha': 0.1}",129,0.3904761904761905,0.3764988009592326,0.319047619047619,0.3237410071942446,0.22380952380952382,0.22541966426858512,0.22705314009661837,0.22461170848267623,0.38164251207729466,0.3823178016726404,0.034172723911209776,7.943234046510874e-05,0.0720616322241905,0.06960622825816584
32,0.20194077491760254,0.0014955997467041016,0.34674329501915707,0.36545903062496243,0.1,"(25, 25)",25,"{'km__n_clusters': 25, 'NN__hidden_layer_sizes': (25, 25), 'NN__alpha': 0.1}",70,0.38095238095238093,0.381294964028777,0.37142857142857144,0.381294964028777,0.38095238095238093,0.38609112709832133,0.27053140096618356,0.3094384707287933,0.3285024154589372,0.36917562724014336,0.021760386010431756,0.0013598403670437786,0.04255556917271424,0.02856344937120282
33,0.21687703132629393,0.0008233070373535156,0.3390804597701149,0.3404803039288999,0.1,"(25, 25)",30,"{'km__n_clusters': 30, 'NN__hidden_layer_sizes': (25, 25), 'NN__alpha': 0.1}",85,0.2904761904761905,0.290167865707434,0.38095238095238093,0.35611510791366907,0.3142857142857143,0.3237410071942446,0.3864734299516908,0.3727598566308244,0.32367149758454106,0.35961768219832735,0.020565077559264084,9.048836621507543e-05,0.037999259089546315,0.02988043292947842
34,0.23482074737548828,0.0007805824279785156,0.3103448275862069,0.3206510060768589,0.1,"(25, 25)",35,"{'km__n_clusters': 35, 'NN__hidden_layer_sizes': (25, 25), 'NN__alpha': 0.1}",121,0.2857142857142857,0.2805755395683453,0.3380952380952381,0.3333333333333333,0.3476190476190476,0.3609112709832134,0.357487922705314,0.3345280764635603,0.2222222222222222,0.2939068100358423,0.010075356923759878,8.042915689265047e-05,0.05036660512838794,0.02931074367955526
35,0.2417232036590576,0.0008913993835449219,0.3371647509578544,0.3299381999776523,0.1,"(25, 25)",40,"{'km__n_clusters': 40, 'NN__hidden_layer_sizes': (25, 25), 'NN__alpha': 0.1}",94,0.38095238095238093,0.34532374100719426,0.2761904761904762,0.34772182254196643,0.2857142857142857,0.23741007194244604,0.36231884057971014,0.33811230585424135,0.38164251207729466,0.3811230585424134,0.0095158411572021,0.00016218712948525425,0.04672998986304835,0.048582162025083885
36,0.06578459739685058,0.0009647846221923828,0.38409961685823757,0.38074916410957255,0.1,"(100, 25, 100)",2,"{'km__n_clusters': 2, 'NN__hidden_layer_sizes': (100, 25, 100), 'NN__alpha': 0.1}",5,0.38095238095238093,0.381294964028777,0.3761904761904762,0.3932853717026379,0.38571428571428573,0.37050359712230213,0.3961352657004831,0.37753882915173237,0.38164251207729466,0.3811230585424134,0.008650310499899628,6.243836191917319e-06,0.00670956881518508,0.007387450018068727
37,0.1289743423461914,0.0009776115417480468,0.36590038314176243,0.37836053737655034,0.1,"(100, 25, 100)",5,"{'km__n_clusters': 5, 'NN__hidden_layer_sizes': (100, 25, 100), 'NN__alpha': 0.1}",43,0.3761904761904762,0.38489208633093525,0.36666666666666664,0.3800959232613909,0.38095238095238093,0.381294964028777,0.3864734299516908,0.36798088410991636,0.3188405797101449,0.37753882915173237,0.027002623204625403,6.862274857816957e-05,0.024290265094776633,0.005704313491252168
38,0.1413264274597168,0.0010759830474853516,0.3793103448275862,0.3754811204799601,0.1,"(100, 25, 100)",10,"{'km__n_clusters': 10, 'NN__hidden_layer_sizes': (100, 25, 100), 'NN__alpha': 0.1}",27,0.38571428571428573,0.3824940047961631,0.38095238095238093,0.3776978417266187,0.3761904761904762,0.36930455635491605,0.391304347826087,0.3643966547192354,0.36231884057971014,0.3835125448028674,0.022428603968534244,6.541538482529646e-05,0.009824314184598617,0.007478148190078611
39,0.16811976432800294,0.0010248184204101562,0.34674329501915707,0.3568534419776007,0.1,"(100, 25, 100)",15,"{'km__n_clusters': 15, 'NN__hidden_layer_sizes': (100, 25, 100), 'NN__alpha': 0.1}",70,0.38571428571428573,0.38369304556354916,0.3619047619047619,0.37889688249400477,0.38095238095238093,0.381294964028777,0.33816425120772947,0.35722819593787336,0.26570048309178745,0.2831541218637993,0.016164231259121663,5.8381227930578155e-05,0.04363468252025797,0.03804049373075106
40,0.16232519149780272,0.001138782501220703,0.38409961685823757,0.382423523546754,0.1,"(100, 25, 100)",20,"{'km__n_clusters': 20, 'NN__hidden_layer_sizes': (100, 25, 100), 'NN__alpha': 0.1}",5,0.38571428571428573,0.3824940047961631,0.38571428571428573,0.3824940047961631,0.38095238095238093,0.3824940047961631,0.38164251207729466,0.3811230585424134,0.3864734299516908,0.3835125448028674,0.010785204921018074,0.00019325949424532141,0.0023142180876764198,0.0007605365662920054
41,0.2189807415008545,0.0011122703552246093,0.3783524904214559,0.3776222033126187,0.1,"(100, 25, 100)",25,"{'km__n_clusters': 25, 'NN__hidden_layer_sizes': (100, 25, 100), 'NN__alpha': 0.1}",28,0.37142857142857144,0.3776978417266187,0.38095238095238093,0.37410071942446044,0.38571428571428573,0.3645083932853717,0.3671497584541063,0.3942652329749104,0.3864734299516908,0.37753882915173237,0.01863844283560007,4.5200893026324914e-05,0.007737213692078966,0.00960599782391792
42,0.22179975509643554,0.0022036075592041016,0.3764367816091954,0.36421787301341724,0.1,"(100, 25, 100)",30,"{'km__n_clusters': 30, 'NN__hidden_layer_sizes': (100, 25, 100), 'NN__alpha': 0.1}",35,0.38095238095238093,0.36211031175059955,0.35714285714285715,0.34292565947242204,0.38095238095238093,0.37889688249400477,0.3864734299516908,0.3835125448028674,0.37681159420289856,0.3536439665471924,0.015498175646993776,0.001098043764835674,0.01015298729433107,0.015214239045723735
43,0.2811305999755859,0.0011831760406494141,0.382183908045977,0.3838477605012764,0.1,"(100, 25, 100)",35,"{'km__n_clusters': 35, 'NN__hidden_layer_sizes': (100, 25, 100), 'NN__alpha': 0.1}",15,0.3761904761904762,0.3764988009592326,0.3761904761904762,0.37170263788968827,0.38095238095238093,0.38609112709832133,0.42028985507246375,0.4002389486260454,0.357487922705314,0.3847072879330944,0.0312995359082785,9.648179823055505e-05,0.020581351420207093,0.00975657459190939
44,0.2689990520477295,0.001144266128540039,0.38122605363984674,0.3764420721487326,0.1,"(100, 25, 100)",40,"{'km__n_clusters': 40, 'NN__hidden_layer_sizes': (100, 25, 100), 'NN__alpha': 0.1}",17,0.38095238095238093,0.381294964028777,0.38095238095238093,0.37410071942446044,0.38095238095238093,0.381294964028777,0.38164251207729466,0.36200716845878134,0.38164251207729466,0.3835125448028674,0.008535993955785215,7.949142874902146e-05,0.00033759931841486414,0.007885950543457584
45,0.06704764366149903,0.0009723663330078125,0.36015325670498083,0.3687682112374616,0.01,"(50, 50)",2,"{'km__n_clusters': 2, 'NN__hidden_layer_sizes': (50, 50), 'NN__alpha': 0.01}",54,0.36666666666666664,0.3752997601918465,0.3333333333333333,0.34652278177458035,0.38095238095238093,0.3764988009592326,0.34782608695652173,0.36200716845878134,0.3719806763285024,0.3835125448028674,0.016859846892346257,0.0005753867871979408,0.017265754645414945,0.013117845500851122
46,0.12032442092895508,0.0009821414947509765,0.3438697318007663,0.36829976878712084,0.01,"(50, 50)",5,"{'km__n_clusters': 5, 'NN__hidden_layer_sizes': (50, 50), 'NN__alpha': 0.01}",80,0.35714285714285715,0.3657074340527578,0.36666666666666664,0.36810551558752996,0.38095238095238093,0.3776978417266187,0.28502415458937197,0.34408602150537637,0.3285024154589372,0.3859020310633214,0.015335453265616758,0.0001250610878957318,0.03391156165855967,0.014079963801949195
47,0.14793720245361328,0.0009538173675537109,0.33620689655172414,0.35056599881385214,0.01,"(50, 50)",10,"{'km__n_clusters': 10, 'NN__hidden_layer_sizes': (50, 50), 'NN__alpha': 0.01}",102,0.2857142857142857,0.31774580335731417,0.35714285714285715,0.3645083932853717,0.40476190476190477,0.35731414868105515,0.33816425120772947,0.35244922341696533,0.2946859903381642,0.36081242532855434,0.02067605113292719,0.00016714666707920501,0.0434619624821967,0.01688566795398992
48,0.19797358512878419,0.000982809066772461,0.3668582375478927,0.3654246495276897,0.01,"(50, 50)",15,"{'km__n_clusters': 15, 'NN__hidden_layer_sizes': (50, 50), 'NN__alpha': 0.01}",41,0.36666666666666664,0.3645083932853717,0.3761904761904762,0.3776978417266187,0.38095238095238093,0.35851318944844124,0.3864734299516908,0.3643966547192354,0.32367149758454106,0.36200716845878134,0.012022666855224112,0.00013834445498602782,0.022440452962131267,0.006511144336643741
49,0.19568319320678712,0.0010809898376464844,0.34674329501915707,0.3395692048511728,0.01,"(50, 50)",20,"{'km__n_clusters': 20, 'NN__hidden_layer_sizes': (50, 50), 'NN__alpha': 0.01}",70,0.38095238095238093,0.3393285371702638,0.3952380952380952,0.36330935251798563,0.3333333333333333,0.32973621103117506,0.357487922705314,0.35603345280764637,0.26570048309178745,0.3094384707287933,0.022594303628526595,0.00015074782740361108,0.04549478694813633,0.019179535443615902
50,0.24373116493225097,0.001227426528930664,0.40229885057471265,0.3817118348332087,0.01,"(50, 50)",25,"{'km__n_clusters': 25, 'NN__hidden_layer_sizes': (50, 50), 'NN__alpha': 0.01}",1,0.42857142857142855,0.3776978417266187,0.38571428571428573,0.38609112709832133,0.3904761904761905,0.3908872901678657,0.4057971014492754,0.3739545997610514,0.40096618357487923,0.37992831541218636,0.03790693537674993,0.0004777420850925272,0.01500210235612235,0.006047064734086857
51,0.2014169692993164,0.0012117862701416016,0.35153256704980845,0.3498268052224887,0.01,"(50, 50)",30,"{'km__n_clusters': 30, 'NN__hidden_layer_sizes': (50, 50), 'NN__alpha': 0.01}",63,0.35714285714285715,0.34532374100719426,0.3523809523809524,0.3345323741007194,0.3523809523809524,0.328537170263789,0.40096618357487923,0.3751493428912784,0.2946859903381642,0.3655913978494624,0.008451695717144252,0.000496769413697937,0.03364341091288171,0.01787287924214789
52,0.2700817584991455,0.0009411811828613281,0.3783524904214559,0.3678055405138255,0.01,"(50, 50)",35,"{'km__n_clusters': 35, 'NN__hidden_layer_sizes': (50, 50), 'NN__alpha': 0.01}",28,0.37142857142857144,0.35731414868105515,0.35714285714285715,0.3513189448441247,0.3761904761904762,0.3800959232613909,0.40096618357487923,0.3763440860215054,0.3864734299516908,0.3739545997610514,0.017071932796367175,0.00022183300996397165,0.01468130123339781,0.01134590971636198
53,0.25677175521850587,0.0008220195770263672,0.33524904214559387,0.3584968584272367,0.01,"(50, 50)",40,"{'km__n_clusters': 40, 'NN__hidden_layer_sizes': (50, 50), 'NN__alpha': 0.01}",107,0.35714285714285715,0.381294964028777,0.3380952380952381,0.3501199040767386,0.3476190476190476,0.37170263788968827,0.34782608695652173,0.36798088410991636,0.28502415458937197,0.3213859020310633,0.021594658699963982,4.285580425496323e-05,0.02569727420715111,0.021125763523284213
54,0.05536122322082519,0.0006921291351318359,0.22509578544061304,0.22509648195422155,0.01,"(50,)",2,"{'km__n_clusters': 2, 'NN__hidden_layer_sizes': (50,), 'NN__alpha': 0.01}",169,0.22380952380952382,0.22541966426858512,0.22380952380952382,0.22541966426858512,0.22380952380952382,0.22541966426858512,0.22705314009661837,0.22461170848267623,0.22705314009661837,0.22461170848267623,0.014500014296155009,9.132657827804665e-05,0.0015867167965498725,0.0003958158820412308
55,0.10195736885070801,0.0006309986114501953,0.2049808429118774,0.20682808591836208,0.01,"(50,)",5,"{'km__n_clusters': 5, 'NN__hidden_layer_sizes': (50,), 'NN__alpha': 0.01}",173,0.21428571428571427,0.19304556354916066,0.15714285714285714,0.1750599520383693,0.20952380952380953,0.15707434052757793,0.13043478260869565,0.15053763440860216,0.3140096618357488,0.35842293906810035,0.018305266523815627,2.4989906803054776e-05,0.06277495698416476,0.07723240494267805
56,0.11873817443847656,0.0006493568420410156,0.3611111111111111,0.35151319804371556,0.01,"(50,)",10,"{'km__n_clusters': 10, 'NN__hidden_layer_sizes': (50,), 'NN__alpha': 0.01}",50,0.3619047619047619,0.31654676258992803,0.3523809523809524,0.3776978417266187,0.3380952380952381,0.3333333333333333,0.37681159420289856,0.34408602150537637,0.37681159420289856,0.3859020310633214,0.0024069675482105896,2.3458546667008954e-05,0.01482445467449445,0.026368729365725145
57,0.1632284164428711,0.0008305549621582031,0.3371647509578544,0.33281847640167433,0.01,"(50,)",15,"{'km__n_clusters': 15, 'NN__hidden_layer_sizes': (50,), 'NN__alpha': 0.01}",94,0.34285714285714286,0.3069544364508393,0.2714285714285714,0.27817745803357313,0.40476190476190477,0.36330935251798563,0.30917874396135264,0.35603345280764637,0.357487922705314,0.35961768219832735,0.014294136419227395,0.00014100910861189302,0.04507824528260219,0.034180156635343274
58,0.18129539489746094,0.0009007453918457031,0.2662835249042146,0.26635122009918943,0.01,"(50,)",20,"{'km__n_clusters': 20, 'NN__hidden_layer_sizes': (50,), 'NN__alpha': 0.01}",141,0.1380952380952381,0.16546762589928057,0.38571428571428573,0.35851318944844124,0.38571428571428573,0.36930455635491605,0.20772946859903382,0.2222222222222222,0.21256038647342995,0.2162485065710872,0.008318187433361981,0.00013933619101342946,0.1014675854744049,0.08213204974395011
59,0.2043768882751465,0.0009054660797119141,0.25383141762452105,0.25664113870194166,0.01,"(50,)",25,"{'km__n_clusters': 25, 'NN__hidden_layer_sizes': (50,), 'NN__alpha': 0.01}",163,0.3904761904761905,0.36211031175059955,0.319047619047619,0.3237410071942446,0.29523809523809524,0.328537170263789,0.13043478260869565,0.13261648745519714,0.13043478260869565,0.13620071684587814,0.023637015874706062,0.00014843676503761816,0.10485417985432377,0.10068086958636918
60,0.23157758712768556,0.0012450218200683594,0.3524904214559387,0.3434250449103083,0.01,"(50,)",30,"{'km__n_clusters': 30, 'NN__hidden_layer_sizes': (50,), 'NN__alpha': 0.01}",58,0.36666666666666664,0.35731414868105515,0.37142857142857144,0.3441247002398082,0.38095238095238093,0.3764988009592326,0.33816425120772947,0.2939068100358423,0.30434782608695654,0.34528076463560337,0.02084934797761486,0.0006514038891877405,0.027852373437772058,0.027359712502510184
61,0.25552144050598147,0.0008871555328369141,0.3381226053639847,0.3249881814978125,0.01,"(50,)",35,"{'km__n_clusters': 35, 'NN__hidden_layer_sizes': (50,), 'NN__alpha': 0.01}",89,0.35714285714285715,0.3669064748201439,0.3,0.3117505995203837,0.37142857142857144,0.34652278177458035,0.37681159420289856,0.3213859020310633,0.28502415458937197,0.27837514934289126,0.02463433078454817,0.00011573811306619017,0.03800071374928726,0.030271660294006384
62,0.27364535331726075,0.0008075714111328125,0.25383141762452105,0.27644980789561896,0.01,"(50,)",40,"{'km__n_clusters': 40, 'NN__hidden_layer_sizes': (50,), 'NN__alpha': 0.01}",163,0.21428571428571427,0.2038369304556355,0.20476190476190476,0.2290167865707434,0.21904761904761905,0.2146282973621103,0.3333333333333333,0.37037037037037035,0.2995169082125604,0.3643966547192354,0.0049516443505700026,0.00012786425518086566,0.05205114787132362,0.074699585766663
63,0.05675201416015625,0.0006114006042480469,0.38122605363984674,0.38122620183423156,0.01,"(25,)",2,"{'km__n_clusters': 2, 'NN__hidden_layer_sizes': (25,), 'NN__alpha': 0.01}",17,0.38095238095238093,0.381294964028777,0.38095238095238093,0.381294964028777,0.38095238095238093,0.381294964028777,0.38164251207729466,0.3811230585424134,0.38164251207729466,0.3811230585424134,0.0200642892354499,0.00018059143343511714,0.00033759931841486414,8.42161451151526e-05
64,0.11929783821105958,0.0007337570190429687,0.25766283524904215,0.25747058267364603,0.01,"(25,)",5,"{'km__n_clusters': 5, 'NN__hidden_layer_sizes': (25,), 'NN__alpha': 0.01}",155,0.29523809523809524,0.2997601918465228,0.22857142857142856,0.22422062350119903,0.30952380952380953,0.31414868105515587,0.22705314009661837,0.22461170848267623,0.22705314009661837,0.22461170848267623,0.023544737714325966,0.0001997707894257969,0.03697014667978466,0.040659043007193675
65,0.13174781799316407,0.0005924224853515625,0.2662835249042146,0.27583438625443735,0.01,"(25,)",10,"{'km__n_clusters': 10, 'NN__hidden_layer_sizes': (25,), 'NN__alpha': 0.01}",141,0.38571428571428573,0.3405275779376499,0.36666666666666664,0.35731414868105515,0.06666666666666667,0.09112709832134293,0.2222222222222222,0.21505376344086022,0.2898550724637681,0.3751493428912784,0.03887466999613024,3.37401967360691e-05,0.11578579797058998,0.10816532500967392
66,0.14324674606323243,0.0006369590759277344,0.26053639846743293,0.242656627386263,0.01,"(25,)",15,"{'km__n_clusters': 15, 'NN__hidden_layer_sizes': (25,), 'NN__alpha': 0.01}",149,0.3904761904761905,0.35851318944844124,0.12380952380952381,0.15347721822541965,0.40476190476190477,0.3273381294964029,0.1932367149758454,0.18518518518518517,0.18840579710144928,0.18876941457586618,0.009589391011867609,3.409722451603445e-05,0.11519703030419604,0.08337081643347259
67,0.21436972618103028,0.0009496688842773437,0.31800766283524906,0.31709600061885973,0.01,"(25,)",20,"{'km__n_clusters': 20, 'NN__hidden_layer_sizes': (25,), 'NN__alpha': 0.01}",117,0.36666666666666664,0.37170263788968827,0.3761904761904762,0.3381294964028777,0.2904761904761905,0.3057553956834532,0.32367149758454106,0.2974910394265233,0.2318840579710145,0.2724014336917563,0.060574219705897,0.0003301463049006002,0.052789156545200396,0.034452462656186005
68,0.22372837066650392,0.0007680416107177735,0.33237547892720304,0.341717163903286,0.01,"(25,)",25,"{'km__n_clusters': 25, 'NN__hidden_layer_sizes': (25,), 'NN__alpha': 0.01}",112,0.3952380952380952,0.3405275779376499,0.3142857142857143,0.3369304556354916,0.34285714285714286,0.3513189448441247,0.2898550724637681,0.3201911589008363,0.3188405797101449,0.35961768219832735,0.031198749487757745,9.690131225736668e-05,0.035743669619973835,0.01341878783380273
69,0.19974079132080078,0.0006620407104492188,0.2557471264367816,0.2692856467514161,0.01,"(25,)",30,"{'km__n_clusters': 30, 'NN__hidden_layer_sizes': (25,), 'NN__alpha': 0.01}",159,0.14285714285714285,0.12709832134292565,0.23809523809523808,0.26258992805755393,0.2761904761904762,0.2637889688249401,0.3526570048309179,0.3655913978494624,0.27053140096618356,0.32735961768219835,0.013368254707919695,2.1495996794351128e-05,0.06793873210182713,0.08116608333300664
70,0.2683757781982422,0.001388216018676758,0.3342911877394636,0.3345461265396285,0.01,"(25,)",35,"{'km__n_clusters': 35, 'NN__hidden_layer_sizes': (25,), 'NN__alpha': 0.01}",108,0.34285714285714286,0.30455635491606714,0.37142857142857144,0.3764988009592326,0.37142857142857144,0.3441247002398082,0.34782608695652173,0.3333333333333333,0.23671497584541062,0.3142174432497013,0.04984540628322722,0.0009652514681670963,0.04993730729388315,0.025163022866038356
71,0.3507192134857178,0.0009842395782470703,0.30938697318007663,0.3340544768486286,0.01,"(25,)",40,"{'km__n_clusters': 40, 'NN__hidden_layer_sizes': (25,), 'NN__alpha': 0.01}",125,0.29523809523809524,0.290167865707434,0.36666666666666664,0.38489208633093525,0.3380952380952381,0.33093525179856115,0.27053140096618356,0.3118279569892473,0.2753623188405797,0.35244922341696533,0.03507658755612146,0.000274357755562453,0.037348357938737205,0.032718837469016875
72,0.12529516220092773,0.001689004898071289,0.3065134099616858,0.3117170779505428,0.01,"(25, 25)",2,"{'km__n_clusters': 2, 'NN__hidden_layer_sizes': (25, 25), 'NN__alpha': 0.01}",133,0.3761904761904762,0.3824940047961631,0.38571428571428573,0.38968824940047964,0.07142857142857142,0.07314148681055156,0.38164251207729466,0.37992831541218636,0.3188405797101449,0.3333333333333333,0.03845263946399211,0.001682952658581927,0.12043296278614887,0.12093570610171733
73,0.10166745185852051,0.0007115840911865234,0.3055555555555556,0.2791048881325048,0.01,"(25, 25)",5,"{'km__n_clusters': 5, 'NN__hidden_layer_sizes': (25, 25), 'NN__alpha': 0.01}",135,0.3619047619047619,0.34532374100719426,0.36666666666666664,0.3249400479616307,0.38095238095238093,0.34772182254196643,0.30917874396135264,0.2891278375149343,0.10628019323671498,0.0884109916367981,0.015472317493618975,0.00017740339248803285,0.10202765831904037,0.09763063424498652
74,0.14859519004821778,0.0007571220397949219,0.3486590038314176,0.3551257918396466,0.01,"(25, 25)",10,"{'km__n_clusters': 10, 'NN__hidden_layer_sizes': (25, 25), 'NN__alpha': 0.01}",66,0.35714285714285715,0.3657074340527578,0.3619047619047619,0.3369304556354916,0.38571428571428573,0.3645083932853717,0.34782608695652173,0.3643966547192354,0.2898550724637681,0.34408602150537637,0.04871087564272708,3.192017887558267e-05,0.0318075894488248,0.012156480156389208
75,0.17952098846435546,0.0007674217224121094,0.17049808429118773,0.1716098089270519,0.01,"(25, 25)",15,"{'km__n_clusters': 15, 'NN__hidden_layer_sizes': (25, 25), 'NN__alpha': 0.01}",177,0.12857142857142856,0.12829736211031176,0.14285714285714285,0.13189448441247004,0.16666666666666666,0.1354916067146283,0.13526570048309178,0.13142174432497014,0.28019323671497587,0.3309438470728793,0.035531845323135226,6.584625653650613e-05,0.05605539584972777,0.07969970618506206
76,0.20113749504089357,0.0008106708526611328,0.30842911877394635,0.30651779651547584,0.01,"(25, 25)",20,"{'km__n_clusters': 20, 'NN__hidden_layer_sizes': (25, 25), 'NN__alpha': 0.01}",129,0.3904761904761905,0.3764988009592326,0.319047619047619,0.3237410071942446,0.22380952380952382,0.22541966426858512,0.22705314009661837,0.22461170848267623,0.38164251207729466,0.3823178016726404,0.0413078473420998,4.6632236190761865e-05,0.0720616322241905,0.06960622825816584
77,0.19862017631530762,0.0008382320404052735,0.34674329501915707,0.36545903062496243,0.01,"(25, 25)",25,"{'km__n_clusters': 25, 'NN__hidden_layer_sizes': (25, 25), 'NN__alpha': 0.01}",70,0.38095238095238093,0.381294964028777,0.37142857142857144,0.381294964028777,0.38095238095238093,0.38609112709832133,0.27053140096618356,0.3094384707287933,0.3285024154589372,0.36917562724014336,0.0210198819155795,7.08868435245561e-05,0.04255556917271424,0.02856344937120282
78,0.24086642265319824,0.0008202075958251953,0.3390804597701149,0.3404803039288999,0.01,"(25, 25)",30,"{'km__n_clusters': 30, 'NN__hidden_layer_sizes': (25, 25), 'NN__alpha': 0.01}",85,0.2904761904761905,0.290167865707434,0.38095238095238093,0.35611510791366907,0.3142857142857143,0.3237410071942446,0.3864734299516908,0.3727598566308244,0.32367149758454106,0.35961768219832735,0.05475845380048183,8.708427816837991e-05,0.037999259089546315,0.02988043292947842
79,0.2690645694732666,0.001271200180053711,0.3103448275862069,0.3208908142303361,0.01,"(25, 25)",35,"{'km__n_clusters': 35, 'NN__hidden_layer_sizes': (25, 25), 'NN__alpha': 0.01}",121,0.2857142857142857,0.2805755395683453,0.3380952380952381,0.3345323741007194,0.3476190476190476,0.3609112709832134,0.357487922705314,0.3345280764635603,0.2222222222222222,0.2939068100358423,0.04878897415004311,0.0008935775852225353,0.05036660512838794,0.029418232064704758
80,0.31975927352905276,0.0010237693786621094,0.3371647509578544,0.3299381999776523,0.01,"(25, 25)",40,"{'km__n_clusters': 40, 'NN__hidden_layer_sizes': (25, 25), 'NN__alpha': 0.01}",94,0.38095238095238093,0.34532374100719426,0.2761904761904762,0.34772182254196643,0.2857142857142857,0.23741007194244604,0.36231884057971014,0.33811230585424135,0.38164251207729466,0.3811230585424134,0.09231398725885213,0.00033950644932055667,0.04672998986304835,0.048582162025083885
81,0.09485583305358887,0.0015346050262451173,0.38409961685823757,0.38074916410957255,0.01,"(100, 25, 100)",2,"{'km__n_clusters': 2, 'NN__hidden_layer_sizes': (100, 25, 100), 'NN__alpha': 0.01}",5,0.38095238095238093,0.381294964028777,0.3761904761904762,0.39448441247002397,0.38571428571428573,0.36930455635491605,0.3961352657004831,0.37753882915173237,0.38164251207729466,0.3811230585424134,0.021890058781659612,0.0003352615101065265,0.00670956881518508,0.008128715019256992
82,0.19567480087280273,0.001402425765991211,0.36590038314176243,0.3786003455300276,0.01,"(100, 25, 100)",5,"{'km__n_clusters': 5, 'NN__hidden_layer_sizes': (100, 25, 100), 'NN__alpha': 0.01}",43,0.3761904761904762,0.38609112709832133,0.36666666666666664,0.3800959232613909,0.38095238095238093,0.381294964028777,0.3864734299516908,0.36798088410991636,0.3188405797101449,0.37753882915173237,0.05736206558494403,0.0004929655315107711,0.024290265094776633,0.0059918162185244195
83,0.18189005851745604,0.0012323379516601563,0.38026819923371646,0.3759590177320509,0.01,"(100, 25, 100)",10,"{'km__n_clusters': 10, 'NN__hidden_layer_sizes': (100, 25, 100), 'NN__alpha': 0.01}",23,0.38571428571428573,0.3824940047961631,0.38095238095238093,0.3776978417266187,0.38095238095238093,0.36930455635491605,0.391304347826087,0.3643966547192354,0.36231884057971014,0.3859020310633214,0.06503718271865377,0.00023405212749803397,0.009704850114809536,0.008031975766620871
84,0.27506294250488283,0.001734018325805664,0.342911877394636,0.35565440121021463,0.01,"(100, 25, 100)",15,"{'km__n_clusters': 15, 'NN__hidden_layer_sizes': (100, 25, 100), 'NN__alpha': 0.01}",82,0.36666666666666664,0.3776978417266187,0.3619047619047619,0.37889688249400477,0.38095238095238093,0.381294964028777,0.33816425120772947,0.35722819593787336,0.26570048309178745,0.2831541218637993,0.10062498243332138,0.0006006930999983521,0.04078794993335288,0.03726213091822121
85,0.24538273811340333,0.0036385059356689453,0.38409961685823757,0.3826624721727994,0.01,"(100, 25, 100)",20,"{'km__n_clusters': 20, 'NN__hidden_layer_sizes': (100, 25, 100), 'NN__alpha': 0.01}",5,0.38571428571428573,0.3824940047961631,0.38571428571428573,0.3824940047961631,0.38095238095238093,0.3824940047961631,0.38164251207729466,0.3811230585424134,0.3864734299516908,0.3847072879330944,0.0702995349350055,0.0026102608160104286,0.0023142180876764198,0.0011520598586827967
86,0.32191896438598633,0.0015414237976074218,0.38409961685823757,0.3766646897535735,0.01,"(100, 25, 100)",25,"{'km__n_clusters': 25, 'NN__hidden_layer_sizes': (100, 25, 100), 'NN__alpha': 0.01}",5,0.37142857142857144,0.3776978417266187,0.38571428571428573,0.37170263788968827,0.38571428571428573,0.3645083932853717,0.391304347826087,0.3918757467144564,0.3864734299516908,0.37753882915173237,0.04632640946185954,0.000557268825517518,0.006689835246863829,0.009006722812174772
87,0.26215395927429197,0.0014731884002685547,0.3764367816091954,0.3630231298831902,0.01,"(100, 25, 100)",30,"{'km__n_clusters': 30, 'NN__hidden_layer_sizes': (100, 25, 100), 'NN__alpha': 0.01}",35,0.38095238095238093,0.36211031175059955,0.3619047619047619,0.34292565947242204,0.38095238095238093,0.37889688249400477,0.3864734299516908,0.3835125448028674,0.3719806763285024,0.34767025089605735,0.010848501998177022,0.0002441879781606441,0.008636672132036654,0.016200275261540872
88,0.3982227802276611,0.0013772010803222655,0.38122605363984674,0.38288938741479933,0.01,"(100, 25, 100)",35,"{'km__n_clusters': 35, 'NN__hidden_layer_sizes': (100, 25, 100), 'NN__alpha': 0.01}",17,0.3761904761904762,0.3764988009592326,0.3761904761904762,0.36930455635491605,0.38095238095238093,0.38489208633093525,0.41545893719806765,0.4002389486260454,0.357487922705314,0.3835125448028674,0.07843582666615942,0.00021168828907094123,0.018822910472936636,0.010303335697466264
89,0.3287686347961426,0.00141754150390625,0.38026819923371646,0.3759641748966418,0.01,"(100, 25, 100)",40,"{'km__n_clusters': 40, 'NN__hidden_layer_sizes': (100, 25, 100), 'NN__alpha': 0.01}",23,0.38095238095238093,0.381294964028777,0.38095238095238093,0.37410071942446044,0.38095238095238093,0.381294964028777,0.37681159420289856,0.35961768219832735,0.38164251207729466,0.3835125448028674,0.0475999620497445,0.00010391381255006379,0.0017395376137167892,0.008769182443268516
90,0.07146177291870118,0.0009664058685302735,0.36015325670498083,0.3685284030839844,0.001,"(50, 50)",2,"{'km__n_clusters': 2, 'NN__hidden_layer_sizes': (50, 50), 'NN__alpha': 0.001}",54,0.36666666666666664,0.37410071942446044,0.3333333333333333,0.34652278177458035,0.38095238095238093,0.3764988009592326,0.34782608695652173,0.36200716845878134,0.3719806763285024,0.3835125448028674,0.015506189582871765,0.00017932124335477985,0.017265754645414945,0.013006739214649553
91,0.1130983829498291,0.0013097763061523438,0.342911877394636,0.365182262791917,0.001,"(50, 50)",5,"{'km__n_clusters': 5, 'NN__hidden_layer_sizes': (50, 50), 'NN__alpha': 0.001}",82,0.35714285714285715,0.3657074340527578,0.36666666666666664,0.36810551558752996,0.3761904761904762,0.36211031175059955,0.28502415458937197,0.34408602150537637,0.3285024154589372,0.3859020310633214,0.01991867849732488,0.00048568704200917294,0.03290285979599647,0.0133612745544814
92,0.14393181800842286,0.0009617805480957031,0.33620689655172414,0.35080494743989754,0.001,"(50, 50)",10,"{'km__n_clusters': 10, 'NN__hidden_layer_sizes': (50, 50), 'NN__alpha': 0.001}",102,0.2857142857142857,0.31774580335731417,0.35714285714285715,0.3645083932853717,0.40476190476190477,0.35731414868105515,0.33816425120772947,0.35244922341696533,0.2946859903381642,0.36200716845878134,0.015914993887565357,0.0001966457593477881,0.0434619624821967,0.0170367516596059
93,0.17661285400390625,0.0010050296783447265,0.3649425287356322,0.36518570090164426,0.001,"(50, 50)",15,"{'km__n_clusters': 15, 'NN__hidden_layer_sizes': (50, 50), 'NN__alpha': 0.001}",47,0.3619047619047619,0.3645083932853717,0.3761904761904762,0.3776978417266187,0.38095238095238093,0.35851318944844124,0.3864734299516908,0.3643966547192354,0.3188405797101449,0.36081242532855434,0.007127781524521289,0.0002446441654405658,0.024335010348623135,0.006652562751907524
94,0.20851521492004393,0.0008377552032470704,0.3448275862068966,0.34363133149394465,0.001,"(50, 50)",20,"{'km__n_clusters': 20, 'NN__hidden_layer_sizes': (50, 50), 'NN__alpha': 0.001}",78,0.38095238095238093,0.3393285371702638,0.3952380952380952,0.36330935251798563,0.3333333333333333,0.32973621103117506,0.34782608695652173,0.3751493428912784,0.26570048309178745,0.3106332138590203,0.020322681579152693,7.545552913813358e-05,0.045204510916543046,0.02315631116123697
95,0.3772881984710693,0.0020006179809570314,0.4013409961685824,0.3812322185262543,0.001,"(50, 50)",25,"{'km__n_clusters': 25, 'NN__hidden_layer_sizes': (50, 50), 'NN__alpha': 0.001}",2,0.4238095238095238,0.3752997601918465,0.38571428571428573,0.38609112709832133,0.3904761904761905,0.3908872901678657,0.4057971014492754,0.3739545997610514,0.40096618357487923,0.37992831541218636,0.03599022716400901,0.0007635626542401796,0.013355755025788733,0.006429422385072387
96,0.32940359115600587,0.0015023708343505859,0.35153256704980845,0.35006575384853406,0.001,"(50, 50)",30,"{'km__n_clusters': 30, 'NN__hidden_layer_sizes': (50, 50), 'NN__alpha': 0.001}",63,0.35714285714285715,0.34532374100719426,0.3523809523809524,0.3345323741007194,0.3523809523809524,0.328537170263789,0.40096618357487923,0.3751493428912784,0.2946859903381642,0.36678614097968937,0.04133604991987054,0.0005307689508566222,0.03364341091288171,0.018088727254417833
97,0.4708364009857178,0.0014741897583007812,0.3783524904214559,0.3680436296124391,0.001,"(50, 50)",35,"{'km__n_clusters': 35, 'NN__hidden_layer_sizes': (50, 50), 'NN__alpha': 0.001}",28,0.37142857142857144,0.35731414868105515,0.35714285714285715,0.3513189448441247,0.3761904761904762,0.37889688249400477,0.40096618357487923,0.3763440860215054,0.3864734299516908,0.3763440860215054,0.0929116672820884,0.0005018975869304757,0.01468130123339781,0.011405481953562965
98,0.3516102313995361,0.001012897491455078,0.3371647509578544,0.35705800950637334,0.001,"(50, 50)",40,"{'km__n_clusters': 40, 'NN__hidden_layer_sizes': (50, 50), 'NN__alpha': 0.001}",94,0.37142857142857144,0.3752997601918465,0.3380952380952381,0.3489208633093525,0.3476190476190476,0.37170263788968827,0.34299516908212563,0.36798088410991636,0.28502415458937197,0.3213859020310633,0.05705648195627739,0.00023572639638344005,0.028356493928409787,0.0200262237984241
99,0.07459816932678223,0.0013938426971435546,0.22509578544061304,0.22509648195422155,0.001,"(50,)",2,"{'km__n_clusters': 2, 'NN__hidden_layer_sizes': (50,), 'NN__alpha': 0.001}",169,0.22380952380952382,0.22541966426858512,0.22380952380952382,0.22541966426858512,0.22380952380952382,0.22541966426858512,0.22705314009661837,0.22461170848267623,0.22705314009661837,0.22461170848267623,0.006546397302874413,0.0006668017132469784,0.0015867167965498725,0.0003958158820412308
100,0.17671632766723633,0.0010010719299316407,0.2049808429118774,0.20682808591836208,0.001,"(50,)",5,"{'km__n_clusters': 5, 'NN__hidden_layer_sizes': (50,), 'NN__alpha': 0.001}",173,0.21428571428571427,0.19304556354916066,0.15714285714285714,0.1750599520383693,0.20952380952380953,0.15707434052757793,0.13043478260869565,0.15053763440860216,0.3140096618357488,0.35842293906810035,0.05548812221281848,0.00030350411302240845,0.06277495698416476,0.07723240494267805
101,0.23256258964538573,0.001210641860961914,0.3611111111111111,0.35127424941767016,0.001,"(50,)",10,"{'km__n_clusters': 10, 'NN__hidden_layer_sizes': (50,), 'NN__alpha': 0.001}",50,0.3619047619047619,0.31654676258992803,0.3523809523809524,0.3776978417266187,0.3380952380952381,0.3333333333333333,0.37681159420289856,0.3428912783751493,0.37681159420289856,0.3859020310633214,0.0832013340225179,0.0002948005151912862,0.01482445467449445,0.02644026666667485
102,0.315625,0.0019679546356201174,0.3371647509578544,0.33281847640167433,0.001,"(50,)",15,"{'km__n_clusters': 15, 'NN__hidden_layer_sizes': (50,), 'NN__alpha': 0.001}",94,0.34285714285714286,0.3069544364508393,0.2714285714285714,0.27817745803357313,0.40476190476190477,0.36330935251798563,0.30917874396135264,0.35603345280764637,0.357487922705314,0.35961768219832735,0.1183926032131629,0.0019533059557426055,0.04507824528260219,0.034180156635343274
103,0.21198110580444335,0.0009163379669189453,0.2662835249042146,0.26635122009918943,0.001,"(50,)",20,"{'km__n_clusters': 20, 'NN__hidden_layer_sizes': (50,), 'NN__alpha': 0.001}",141,0.1380952380952381,0.16546762589928057,0.38571428571428573,0.35851318944844124,0.38571428571428573,0.36930455635491605,0.20772946859903382,0.2222222222222222,0.21256038647342995,0.2162485065710872,0.05827252635292182,0.00016840775950963184,0.1014675854744049,0.08213204974395011
104,0.2232609748840332,0.0009784221649169922,0.25383141762452105,0.25664113870194166,0.001,"(50,)",25,"{'km__n_clusters': 25, 'NN__hidden_layer_sizes': (50,), 'NN__alpha': 0.001}",163,0.3904761904761905,0.36211031175059955,0.319047619047619,0.3237410071942446,0.29523809523809524,0.328537170263789,0.13043478260869565,0.13261648745519714,0.13043478260869565,0.13620071684587814,0.02284747324603285,0.00017195910225682094,0.10485417985432377,0.10068086958636918
105,0.3208166122436523,0.0011785507202148437,0.3524904214559387,0.3434250449103083,0.001,"(50,)",30,"{'km__n_clusters': 30, 'NN__hidden_layer_sizes': (50,), 'NN__alpha': 0.001}",58,0.36666666666666664,0.35731414868105515,0.37142857142857144,0.3441247002398082,0.38095238095238093,0.3764988009592326,0.33816425120772947,0.2939068100358423,0.30434782608695654,0.34528076463560337,0.09637442843648744,0.0003687722568849786,0.027852373437772058,0.027359712502510184
106,0.36687498092651366,0.0024981975555419924,0.3381226053639847,0.3249881814978125,0.001,"(50,)",35,"{'km__n_clusters': 35, 'NN__hidden_layer_sizes': (50,), 'NN__alpha': 0.001}",89,0.35714285714285715,0.3669064748201439,0.3,0.3117505995203837,0.37142857142857144,0.34652278177458035,0.37681159420289856,0.3213859020310633,0.28502415458937197,0.27837514934289126,0.11137315814498865,0.0018699122338489893,0.03800071374928726,0.030271660294006384
107,0.37399020195007326,0.0009645462036132812,0.2595785440613027,0.28027298591234534,0.001,"(50,)",40,"{'km__n_clusters': 40, 'NN__hidden_layer_sizes': (50,), 'NN__alpha': 0.001}",153,0.21428571428571427,0.2038369304556355,0.20476190476190476,0.2290167865707434,0.21904761904761905,0.2146282973621103,0.3333333333333333,0.37037037037037035,0.3285024154589372,0.3835125448028674,0.08842475279283475,0.00019067790850008106,0.05803444226399473,0.07944159978962075
108,0.056779670715332034,0.0007123947143554688,0.38122605363984674,0.38122620183423156,0.001,"(25,)",2,"{'km__n_clusters': 2, 'NN__hidden_layer_sizes': (25,), 'NN__alpha': 0.001}",17,0.38095238095238093,0.381294964028777,0.38095238095238093,0.381294964028777,0.38095238095238093,0.381294964028777,0.38164251207729466,0.3811230585424134,0.38164251207729466,0.3811230585424134,0.008285021219835086,0.00028187130666524317,0.00033759931841486414,8.42161451151526e-05
109,0.11924500465393066,0.0007688045501708984,0.25766283524904215,0.25747058267364603,0.001,"(25,)",5,"{'km__n_clusters': 5, 'NN__hidden_layer_sizes': (25,), 'NN__alpha': 0.001}",155,0.29523809523809524,0.2997601918465228,0.22857142857142856,0.22422062350119903,0.30952380952380953,0.31414868105515587,0.22705314009661837,0.22461170848267623,0.22705314009661837,0.22461170848267623,0.04113340815751759,0.00021571717777223165,0.03697014667978466,0.040659043007193675
110,0.18023161888122557,0.0009844303131103516,0.2662835249042146,0.27583438625443735,0.001,"(25,)",10,"{'km__n_clusters': 10, 'NN__hidden_layer_sizes': (25,), 'NN__alpha': 0.001}",141,0.38571428571428573,0.3405275779376499,0.36666666666666664,0.35731414868105515,0.06666666666666667,0.09112709832134293,0.2222222222222222,0.21505376344086022,0.2898550724637681,0.3751493428912784,0.06616725240856082,7.470807276573214e-05,0.11578579797058998,0.10816532500967392
111,0.18027596473693847,0.0013505935668945313,0.26053639846743293,0.242656627386263,0.001,"(25,)",15,"{'km__n_clusters': 15, 'NN__hidden_layer_sizes': (25,), 'NN__alpha': 0.001}",149,0.3904761904761905,0.35851318944844124,0.12380952380952381,0.15347721822541965,0.40476190476190477,0.3273381294964029,0.1932367149758454,0.18518518518518517,0.18840579710144928,0.18876941457586618,0.051312552744655744,0.001030614023515263,0.11519703030419604,0.08337081643347259
112,0.249493408203125,0.0014225959777832032,0.31800766283524906,0.31709600061885973,0.001,"(25,)",20,"{'km__n_clusters': 20, 'NN__hidden_layer_sizes': (25,), 'NN__alpha': 0.001}",117,0.36666666666666664,0.37170263788968827,0.3761904761904762,0.3381294964028777,0.2904761904761905,0.3057553956834532,0.32367149758454106,0.2974910394265233,0.2318840579710145,0.2724014336917563,0.08155310628720187,0.0012940635305930407,0.052789156545200396,0.034452462656186005
113,0.25073938369750975,0.0007088661193847656,0.33237547892720304,0.341717163903286,0.001,"(25,)",25,"{'km__n_clusters': 25, 'NN__hidden_layer_sizes': (25,), 'NN__alpha': 0.001}",112,0.3952380952380952,0.3405275779376499,0.3142857142857143,0.3369304556354916,0.34285714285714286,0.3513189448441247,0.2898550724637681,0.3201911589008363,0.3188405797101449,0.35961768219832735,0.09217683014618372,9.279542685119444e-05,0.035743669619973835,0.01341878783380273
114,0.27160282135009767,0.0017460346221923827,0.2557471264367816,0.2692856467514161,0.001,"(25,)",30,"{'km__n_clusters': 30, 'NN__hidden_layer_sizes': (25,), 'NN__alpha': 0.001}",159,0.14285714285714285,0.12709832134292565,0.23809523809523808,0.26258992805755393,0.2761904761904762,0.2637889688249401,0.3526570048309179,0.3655913978494624,0.27053140096618356,0.32735961768219835,0.0752932813015395,0.0013129883554288538,0.06793873210182713,0.08116608333300664
115,0.280908203125,0.001215219497680664,0.3342911877394636,0.3345461265396285,0.001,"(25,)",35,"{'km__n_clusters': 35, 'NN__hidden_layer_sizes': (25,), 'NN__alpha': 0.001}",108,0.34285714285714286,0.30455635491606714,0.37142857142857144,0.3764988009592326,0.37142857142857144,0.3441247002398082,0.34782608695652173,0.3333333333333333,0.23671497584541062,0.3142174432497013,0.03884671605129452,0.0006398065875189418,0.04993730729388315,0.025163022866038356
116,0.3153495788574219,0.000794219970703125,0.30938697318007663,0.3340544768486286,0.001,"(25,)",40,"{'km__n_clusters': 40, 'NN__hidden_layer_sizes': (25,), 'NN__alpha': 0.001}",125,0.29523809523809524,0.290167865707434,0.36666666666666664,0.38489208633093525,0.3380952380952381,0.33093525179856115,0.27053140096618356,0.3118279569892473,0.2753623188405797,0.35244922341696533,0.09922406422773476,0.00015853336091235594,0.037348357938737205,0.032718837469016875
117,0.11109223365783691,0.0007098197937011718,0.30268199233716475,0.3095588045692478,0.001,"(25, 25)",2,"{'km__n_clusters': 2, 'NN__hidden_layer_sizes': (25, 25), 'NN__alpha': 0.001}",139,0.36666666666666664,0.36930455635491605,0.38095238095238093,0.3920863309352518,0.07142857142857142,0.07314148681055156,0.38164251207729466,0.37992831541218636,0.3140096618357488,0.3333333333333333,0.038587351577556335,0.00010825457479293471,0.11863620490721884,0.11982536615839846
118,0.10234379768371582,0.0008217811584472657,0.3055555555555556,0.2793438367585502,0.001,"(25, 25)",5,"{'km__n_clusters': 5, 'NN__hidden_layer_sizes': (25, 25), 'NN__alpha': 0.001}",135,0.3619047619047619,0.34532374100719426,0.36666666666666664,0.3249400479616307,0.38095238095238093,0.34772182254196643,0.30917874396135264,0.2903225806451613,0.10628019323671498,0.0884109916367981,0.008785812935197855,0.0002950210572768813,0.10202765831904037,0.09765633143237361
119,0.15579862594604493,0.0009317874908447265,0.34770114942528735,0.35560368909173734,0.001,"(25, 25)",10,"{'km__n_clusters': 10, 'NN__hidden_layer_sizes': (25, 25), 'NN__alpha': 0.001}",68,0.35714285714285715,0.3657074340527578,0.3619047619047619,0.3369304556354916,0.38571428571428573,0.3645083932853717,0.34299516908212563,0.36678614097968937,0.2898550724637681,0.34408602150537637,0.017459193227756176,0.00019636351022572004,0.03189087963117997,0.012552075235443758
120,0.1529754638671875,0.0008989810943603515,0.17049808429118773,0.17208770617914274,0.001,"(25, 25)",15,"{'km__n_clusters': 15, 'NN__hidden_layer_sizes': (25, 25), 'NN__alpha': 0.001}",177,0.12857142857142856,0.12829736211031176,0.14285714285714285,0.13189448441247004,0.16666666666666666,0.1354916067146283,0.13526570048309178,0.13142174432497014,0.28019323671497587,0.3333333333333333,0.013047971055814862,0.0001389249819064262,0.05605539584972777,0.08065511333516484
121,0.2174840450286865,0.0012320995330810547,0.30842911877394635,0.30651779651547584,0.001,"(25, 25)",20,"{'km__n_clusters': 20, 'NN__hidden_layer_sizes': (25, 25), 'NN__alpha': 0.001}",129,0.3904761904761905,0.3764988009592326,0.319047619047619,0.3237410071942446,0.22380952380952382,0.22541966426858512,0.22705314009661837,0.22461170848267623,0.38164251207729466,0.3823178016726404,0.03778120383933304,0.0005877234994622566,0.0720616322241905,0.06960622825816584
122,0.21669836044311525,0.000859832763671875,0.34674329501915707,0.36545903062496243,0.001,"(25, 25)",25,"{'km__n_clusters': 25, 'NN__hidden_layer_sizes': (25, 25), 'NN__alpha': 0.001}",70,0.38095238095238093,0.381294964028777,0.37142857142857144,0.381294964028777,0.38095238095238093,0.38609112709832133,0.27053140096618356,0.3094384707287933,0.3285024154589372,0.36917562724014336,0.04331261664612965,0.00011148403810470328,0.04255556917271424,0.02856344937120282
123,0.253650426864624,0.0014512062072753907,0.3390804597701149,0.3404803039288999,0.001,"(25, 25)",30,"{'km__n_clusters': 30, 'NN__hidden_layer_sizes': (25, 25), 'NN__alpha': 0.001}",85,0.2904761904761905,0.290167865707434,0.38095238095238093,0.35611510791366907,0.3142857142857143,0.3237410071942446,0.3864734299516908,0.3727598566308244,0.32367149758454106,0.35961768219832735,0.05213192302124449,0.0013226344749600832,0.037999259089546315,0.02988043292947842
124,0.23783717155456544,0.0008414268493652343,0.3103448275862069,0.3206510060768589,0.001,"(25, 25)",35,"{'km__n_clusters': 35, 'NN__hidden_layer_sizes': (25, 25), 'NN__alpha': 0.001}",121,0.2857142857142857,0.2805755395683453,0.3380952380952381,0.3333333333333333,0.3476190476190476,0.3609112709832134,0.357487922705314,0.3345280764635603,0.2222222222222222,0.2939068100358423,0.009159377457993377,6.799995474703131e-05,0.05036660512838794,0.02931074367955526
125,0.32161478996276854,0.0008899211883544922,0.3371647509578544,0.3299381999776523,0.001,"(25, 25)",40,"{'km__n_clusters': 40, 'NN__hidden_layer_sizes': (25, 25), 'NN__alpha': 0.001}",94,0.38095238095238093,0.34532374100719426,0.2761904761904762,0.34772182254196643,0.2857142857142857,0.23741007194244604,0.36231884057971014,0.33811230585424135,0.38164251207729466,0.3811230585424134,0.028614171517675202,0.00015077939291880361,0.04672998986304835,0.048582162025083885
126,0.09057459831237794,0.0013462066650390624,0.38409961685823757,0.38050935595609536,0.001,"(100, 25, 100)",2,"{'km__n_clusters': 2, 'NN__hidden_layer_sizes': (100, 25, 100), 'NN__alpha': 0.001}",5,0.38095238095238093,0.381294964028777,0.3761904761904762,0.3932853717026379,0.38571428571428573,0.36930455635491605,0.3961352657004831,0.37753882915173237,0.38164251207729466,0.3811230585424134,0.008025493437637905,0.00021698058741252585,0.00670956881518508,0.007727767502484087
127,0.16623926162719727,0.00127410888671875,0.36590038314176243,0.37859948600259574,0.001,"(100, 25, 100)",5,"{'km__n_clusters': 5, 'NN__hidden_layer_sizes': (100, 25, 100), 'NN__alpha': 0.001}",43,0.3761904761904762,0.38489208633093525,0.36666666666666664,0.3800959232613909,0.38095238095238093,0.381294964028777,0.3864734299516908,0.36917562724014336,0.3188405797101449,0.37753882915173237,0.0290620494327914,0.0002030462542540864,0.024290265094776633,0.005273250460224487
128,0.20498099327087402,0.0017366886138916015,0.3783524904214559,0.37500064464557387,0.001,"(100, 25, 100)",10,"{'km__n_clusters': 10, 'NN__hidden_layer_sizes': (100, 25, 100), 'NN__alpha': 0.001}",28,0.3761904761904762,0.37889688249400477,0.38095238095238093,0.3776978417266187,0.38095238095238093,0.36930455635491605,0.391304347826087,0.3643966547192354,0.36231884057971014,0.3847072879330944,0.06313329602322562,0.0007024417379717704,0.00937511544474412,0.0072327655782496725
129,0.2558469772338867,0.0022081851959228514,0.34674329501915707,0.35493153864005567,0.001,"(100, 25, 100)",15,"{'km__n_clusters': 15, 'NN__hidden_layer_sizes': (100, 25, 100), 'NN__alpha': 0.001}",70,0.38571428571428573,0.3824940047961631,0.3619047619047619,0.37889688249400477,0.38571428571428573,0.36810551558752996,0.3333333333333333,0.36081242532855434,0.26570048309178745,0.2843488649940263,0.04240759459240084,0.0012258662652967643,0.04466703083130879,0.03612223570744762
130,0.25841736793518066,0.001415395736694336,0.38409961685823757,0.3829022803262766,0.001,"(100, 25, 100)",20,"{'km__n_clusters': 20, 'NN__hidden_layer_sizes': (100, 25, 100), 'NN__alpha': 0.001}",5,0.38571428571428573,0.38369304556354916,0.38571428571428573,0.3824940047961631,0.38095238095238093,0.3824940047961631,0.38164251207729466,0.3811230585424134,0.3864734299516908,0.3847072879330944,0.08005543999013696,0.0002865408714764983,0.0023142180876764198,0.0012151024725759625
131,0.3988558292388916,0.0029501914978027344,0.38026819923371646,0.37833990871818673,0.001,"(100, 25, 100)",25,"{'km__n_clusters': 25, 'NN__hidden_layer_sizes': (100, 25, 100), 'NN__alpha': 0.001}",23,0.37142857142857144,0.3776978417266187,0.38095238095238093,0.37410071942446044,0.38571428571428573,0.3657074340527578,0.37681159420289856,0.3966547192353644,0.3864734299516908,0.37753882915173237,0.13801877640916702,0.0031436802403044632,0.00563750429246912,0.010139392534213483
132,0.4338659763336182,0.003388643264770508,0.3783524904214559,0.364218732540849,0.001,"(100, 25, 100)",30,"{'km__n_clusters': 30, 'NN__hidden_layer_sizes': (100, 25, 100), 'NN__alpha': 0.001}",28,0.38095238095238093,0.36211031175059955,0.3619047619047619,0.3441247002398082,0.38095238095238093,0.37889688249400477,0.3864734299516908,0.3835125448028674,0.38164251207729466,0.35244922341696533,0.08336303983830298,0.0019340817918890327,0.008506364019975432,0.01506277660333942
133,0.4076809883117676,0.002131938934326172,0.3783524904214559,0.38145311707623153,0.001,"(100, 25, 100)",35,"{'km__n_clusters': 35, 'NN__hidden_layer_sizes': (100, 25, 100), 'NN__alpha': 0.001}",28,0.37142857142857144,0.3752997601918465,0.37142857142857144,0.36930455635491605,0.38095238095238093,0.3824940047961631,0.4106280193236715,0.3966547192353644,0.357487922705314,0.3835125448028674,0.0688637445309942,0.0008488621152915609,0.01770614287406649,0.009185474691679154
134,0.34397459030151367,0.0012932300567626953,0.38026819923371646,0.3762048425775509,0.001,"(100, 25, 100)",40,"{'km__n_clusters': 40, 'NN__hidden_layer_sizes': (100, 25, 100), 'NN__alpha': 0.001}",23,0.38571428571428573,0.38369304556354916,0.38095238095238093,0.37410071942446044,0.38095238095238093,0.381294964028777,0.3719806763285024,0.35842293906810035,0.38164251207729466,0.3835125448028674,0.06908174129777739,0.00022566261961473643,0.004488547672089235,0.009549957683931609
135,0.10432195663452148,0.0016576290130615235,0.36015325670498083,0.36828859493050714,0.0001,"(50, 50)",2,"{'km__n_clusters': 2, 'NN__hidden_layer_sizes': (50, 50), 'NN__alpha': 0.0001}",54,0.36666666666666664,0.37290167865707435,0.3333333333333333,0.34652278177458035,0.38095238095238093,0.3764988009592326,0.34782608695652173,0.36200716845878134,0.3719806763285024,0.3835125448028674,0.038978526385256784,0.0008029128807485993,0.017265754645414945,0.012912502585300733
136,0.14635100364685058,0.0009774208068847657,0.34195402298850575,0.361824948643236,0.0001,"(50, 50)",5,"{'km__n_clusters': 5, 'NN__hidden_layer_sizes': (50, 50), 'NN__alpha': 0.0001}",84,0.35714285714285715,0.3657074340527578,0.36666666666666664,0.36810551558752996,0.37142857142857144,0.34532374100719426,0.28502415458937197,0.34408602150537637,0.3285024154589372,0.3859020310633214,0.02150749724821661,0.00020926332123398974,0.031976394483689795,0.015628080505363077
137,0.20707345008850098,0.0012107372283935546,0.33620689655172414,0.350566858341284,0.0001,"(50, 50)",10,"{'km__n_clusters': 10, 'NN__hidden_layer_sizes': (50, 50), 'NN__alpha': 0.0001}",102,0.2857142857142857,0.31894484412470026,0.35714285714285715,0.3645083932853717,0.40476190476190477,0.35731414868105515,0.33816425120772947,0.35244922341696533,0.2946859903381642,0.35961768219832735,0.052279506893030334,0.0003197136571953979,0.0434619624821967,0.016280692966883087
138,0.2728908061981201,0.001408863067626953,0.3649425287356322,0.36064481747934984,0.0001,"(50, 50)",15,"{'km__n_clusters': 15, 'NN__hidden_layer_sizes': (50, 50), 'NN__alpha': 0.0001}",47,0.36666666666666664,0.3645083932853717,0.3761904761904762,0.3776978417266187,0.38095238095238093,0.35731414868105515,0.3864734299516908,0.3632019115890084,0.3140096618357488,0.34050179211469533,0.07997367165717226,0.00015457413272046284,0.026151093465092857,0.012075648303569593
139,0.3057243824005127,0.0012806415557861327,0.3448275862068966,0.34315257471442207,0.0001,"(50, 50)",20,"{'km__n_clusters': 20, 'NN__hidden_layer_sizes': (50, 50), 'NN__alpha': 0.0001}",78,0.38095238095238093,0.3381294964028777,0.3952380952380952,0.36330935251798563,0.3333333333333333,0.32973621103117506,0.34782608695652173,0.3751493428912784,0.26570048309178745,0.3094384707287933,0.08868914344874385,0.0003863550409428855,0.045204510916543046,0.02354552952449599
140,0.29923043251037595,0.0010653972625732423,0.4013409961685824,0.38051193453839083,0.0001,"(50, 50)",25,"{'km__n_clusters': 25, 'NN__hidden_layer_sizes': (50, 50), 'NN__alpha': 0.0001}",2,0.4238095238095238,0.37050359712230213,0.38571428571428573,0.38609112709832133,0.3904761904761905,0.3908872901678657,0.4057971014492754,0.3751493428912784,0.40096618357487923,0.37992831541218636,0.042600396354156224,0.0001788060885933405,0.013355755025788733,0.007321751325349598
141,0.30944342613220216,0.00128021240234375,0.35153256704980845,0.3505445106280567,0.0001,"(50, 50)",30,"{'km__n_clusters': 30, 'NN__hidden_layer_sizes': (50, 50), 'NN__alpha': 0.0001}",63,0.35714285714285715,0.34532374100719426,0.3523809523809524,0.33573141486810554,0.3523809523809524,0.328537170263789,0.40096618357487923,0.3751493428912784,0.2946859903381642,0.36798088410991636,0.07031715144853416,0.0003252465534892048,0.03364341091288171,0.018113156335859876
142,0.3451384544372559,0.001216554641723633,0.3773946360153257,0.3680436296124391,0.0001,"(50, 50)",35,"{'km__n_clusters': 35, 'NN__hidden_layer_sizes': (50, 50), 'NN__alpha': 0.0001}",34,0.37142857142857144,0.35731414868105515,0.35714285714285715,0.3501199040767386,0.3761904761904762,0.3800959232613909,0.40096618357487923,0.3763440860215054,0.38164251207729466,0.3763440860215054,0.0802029054826767,0.00025795231411494823,0.01427210851248556,0.011995287687539944
143,0.35282135009765625,0.0013558387756347657,0.3381226053639847,0.3568182013528961,0.0001,"(50, 50)",40,"{'km__n_clusters': 40, 'NN__hidden_layer_sizes': (50, 50), 'NN__alpha': 0.0001}",89,0.3761904761904762,0.37410071942446044,0.3380952380952381,0.3489208633093525,0.3476190476190476,0.37170263788968827,0.34299516908212563,0.36798088410991636,0.28502415458937197,0.3213859020310633,0.06291614746707554,0.0004903765700213071,0.02955290133174451,0.019812385780877434
144,0.09373283386230469,0.001374959945678711,0.22509578544061304,0.22509648195422155,0.0001,"(50,)",2,"{'km__n_clusters': 2, 'NN__hidden_layer_sizes': (50,), 'NN__alpha': 0.0001}",169,0.22380952380952382,0.22541966426858512,0.22380952380952382,0.22541966426858512,0.22380952380952382,0.22541966426858512,0.22705314009661837,0.22461170848267623,0.22705314009661837,0.22461170848267623,0.06318322904068809,0.0006928776177133359,0.0015867167965498725,0.0003958158820412308
145,0.1283400058746338,0.0007581710815429688,0.2049808429118774,0.20682808591836208,0.0001,"(50,)",5,"{'km__n_clusters': 5, 'NN__hidden_layer_sizes': (50,), 'NN__alpha': 0.0001}",173,0.21428571428571427,0.19304556354916066,0.15714285714285714,0.1750599520383693,0.20952380952380953,0.15707434052757793,0.13043478260869565,0.15053763440860216,0.3140096618357488,0.35842293906810035,0.01760238643770233,5.294374310054608e-05,0.06277495698416476,0.07723240494267805
146,0.16704440116882324,0.001002025604248047,0.3611111111111111,0.3512733898902384,0.0001,"(50,)",10,"{'km__n_clusters': 10, 'NN__hidden_layer_sizes': (50,), 'NN__alpha': 0.0001}",50,0.3619047619047619,0.31654676258992803,0.3523809523809524,0.3776978417266187,0.3380952380952381,0.33213429256594723,0.37681159420289856,0.34408602150537637,0.37681159420289856,0.3859020310633214,0.026668794245898693,0.00030613192144333663,0.01482445467449445,0.026537883859457913
147,0.1593698501586914,0.0007757186889648437,0.3371647509578544,0.33281847640167433,0.0001,"(50,)",15,"{'km__n_clusters': 15, 'NN__hidden_layer_sizes': (50,), 'NN__alpha': 0.0001}",94,0.34285714285714286,0.3069544364508393,0.2714285714285714,0.27817745803357313,0.40476190476190477,0.36330935251798563,0.30917874396135264,0.35603345280764637,0.357487922705314,0.35961768219832735,0.017742843622460265,5.097355766650506e-05,0.04507824528260219,0.034180156635343274
148,0.16464266777038575,0.0007977962493896484,0.2662835249042146,0.26635122009918943,0.0001,"(50,)",20,"{'km__n_clusters': 20, 'NN__hidden_layer_sizes': (50,), 'NN__alpha': 0.0001}",141,0.1380952380952381,0.16546762589928057,0.38571428571428573,0.35851318944844124,0.38571428571428573,0.36930455635491605,0.20772946859903382,0.2222222222222222,0.21256038647342995,0.2162485065710872,0.01068276448792047,4.3433923869850504e-05,0.1014675854744049,0.08213204974395011
149,0.206520938873291,0.0007822036743164063,0.25383141762452105,0.25664113870194166,0.0001,"(50,)",25,"{'km__n_clusters': 25, 'NN__hidden_layer_sizes': (50,), 'NN__alpha': 0.0001}",163,0.3904761904761905,0.36211031175059955,0.319047619047619,0.3237410071942446,0.29523809523809524,0.328537170263789,0.13043478260869565,0.13261648745519714,0.13043478260869565,0.13620071684587814,0.026623433101291116,0.00015098221675057888,0.10485417985432377,0.10068086958636918
150,0.21764636039733887,0.0008704185485839844,0.3524904214559387,0.3434250449103083,0.0001,"(50,)",30,"{'km__n_clusters': 30, 'NN__hidden_layer_sizes': (50,), 'NN__alpha': 0.0001}",58,0.36666666666666664,0.35731414868105515,0.37142857142857144,0.3441247002398082,0.38095238095238093,0.3764988009592326,0.33816425120772947,0.2939068100358423,0.30434782608695654,0.34528076463560337,0.022868751342312095,0.00023019999178299793,0.027852373437772058,0.027359712502510184
151,0.23547778129577637,0.00117340087890625,0.3381226053639847,0.3249881814978125,0.0001,"(50,)",35,"{'km__n_clusters': 35, 'NN__hidden_layer_sizes': (50,), 'NN__alpha': 0.0001}",89,0.35714285714285715,0.3669064748201439,0.3,0.3117505995203837,0.37142857142857144,0.34652278177458035,0.37681159420289856,0.3213859020310633,0.28502415458937197,0.27837514934289126,0.01262906772769826,0.0005562345530778,0.03800071374928726,0.030271660294006384
152,0.2599932193756104,0.0009824752807617188,0.26053639846743293,0.28003403728629994,0.0001,"(50,)",40,"{'km__n_clusters': 40, 'NN__hidden_layer_sizes': (50,), 'NN__alpha': 0.0001}",149,0.21428571428571427,0.2038369304556355,0.20476190476190476,0.2290167865707434,0.21904761904761905,0.2146282973621103,0.3333333333333333,0.37037037037037035,0.3333333333333333,0.3823178016726404,0.014529785792184093,0.00026920814659593824,0.0591924352228627,0.07913190419430699
153,0.061497831344604494,0.0005387306213378906,0.38122605363984674,0.38122620183423156,0.0001,"(25,)",2,"{'km__n_clusters': 2, 'NN__hidden_layer_sizes': (25,), 'NN__alpha': 0.0001}",17,0.38095238095238093,0.381294964028777,0.38095238095238093,0.381294964028777,0.38095238095238093,0.381294964028777,0.38164251207729466,0.3811230585424134,0.38164251207729466,0.3811230585424134,0.03530024243083666,0.00013369757145186034,0.00033759931841486414,8.42161451151526e-05
154,0.09115452766418457,0.0004978656768798828,0.25766283524904215,0.25747058267364603,0.0001,"(25,)",5,"{'km__n_clusters': 5, 'NN__hidden_layer_sizes': (25,), 'NN__alpha': 0.0001}",155,0.29523809523809524,0.2997601918465228,0.22857142857142856,0.22422062350119903,0.30952380952380953,0.31414868105515587,0.22705314009661837,0.22461170848267623,0.22705314009661837,0.22461170848267623,0.018903172270298748,8.328031612787904e-05,0.03697014667978466,0.040659043007193675
155,0.14304428100585936,0.0007090091705322266,0.2662835249042146,0.27583438625443735,0.0001,"(25,)",10,"{'km__n_clusters': 10, 'NN__hidden_layer_sizes': (25,), 'NN__alpha': 0.0001}",141,0.38571428571428573,0.3405275779376499,0.36666666666666664,0.35731414868105515,0.06666666666666667,0.09112709832134293,0.2222222222222222,0.21505376344086022,0.2898550724637681,0.3751493428912784,0.04135863114312379,0.00013028421595204007,0.11578579797058998,0.10816532500967392
156,0.14973177909851074,0.0007910251617431641,0.25862068965517243,0.2424168192327858,0.0001,"(25,)",15,"{'km__n_clusters': 15, 'NN__hidden_layer_sizes': (25,), 'NN__alpha': 0.0001}",154,0.3904761904761905,0.35851318944844124,0.12380952380952381,0.15347721822541965,0.3952380952380952,0.3261390887290168,0.1932367149758454,0.18518518518518517,0.18840579710144928,0.18876941457586618,0.012647102192652597,0.0002744820397401252,0.11283768231296416,0.08312826496009802
157,0.16390976905822754,0.0006577968597412109,0.31800766283524906,0.3168561924653825,0.0001,"(25,)",20,"{'km__n_clusters': 20, 'NN__hidden_layer_sizes': (25,), 'NN__alpha': 0.0001}",117,0.36666666666666664,0.37170263788968827,0.3761904761904762,0.3369304556354916,0.2904761904761905,0.3057553956834532,0.32367149758454106,0.2974910394265233,0.2318840579710145,0.2724014336917563,0.015524909996685965,2.737518761384748e-05,0.052789156545200396,0.03430909802526898
158,0.18220157623291017,0.0007071971893310546,0.33237547892720304,0.341717163903286,0.0001,"(25,)",25,"{'km__n_clusters': 25, 'NN__hidden_layer_sizes': (25,), 'NN__alpha': 0.0001}",112,0.3952380952380952,0.3405275779376499,0.3142857142857143,0.3369304556354916,0.34285714285714286,0.3513189448441247,0.2898550724637681,0.3201911589008363,0.3188405797101449,0.35961768219832735,0.0024221072993141895,7.435180388351992e-05,0.035743669619973835,0.01341878783380273
159,0.19839978218078613,0.0006929397583007813,0.2557471264367816,0.26904583859793885,0.0001,"(25,)",30,"{'km__n_clusters': 30, 'NN__hidden_layer_sizes': (25,), 'NN__alpha': 0.0001}",159,0.14285714285714285,0.12709832134292565,0.23809523809523808,0.26258992805755393,0.2761904761904762,0.26258992805755393,0.3526570048309179,0.3655913978494624,0.27053140096618356,0.32735961768219835,0.014218665586212806,5.223328296018695e-05,0.06793873210182713,0.08118373859209792
160,0.2302095890045166,0.0010898113250732422,0.3342911877394636,0.3345461265396285,0.0001,"(25,)",35,"{'km__n_clusters': 35, 'NN__hidden_layer_sizes': (25,), 'NN__alpha': 0.0001}",108,0.34285714285714286,0.30455635491606714,0.37142857142857144,0.3764988009592326,0.37142857142857144,0.3441247002398082,0.34782608695652173,0.3333333333333333,0.23671497584541062,0.3142174432497013,0.007560011280296869,0.0007515432250566825,0.04993730729388315,0.025163022866038356
161,0.2563976287841797,0.0007420063018798828,0.30938697318007663,0.3340544768486286,0.0001,"(25,)",40,"{'km__n_clusters': 40, 'NN__hidden_layer_sizes': (25,), 'NN__alpha': 0.0001}",125,0.29523809523809524,0.290167865707434,0.36666666666666664,0.38489208633093525,0.3380952380952381,0.33093525179856115,0.27053140096618356,0.3118279569892473,0.2753623188405797,0.35244922341696533,0.012990220692997965,8.004537990872447e-05,0.037348357938737205,0.032718837469016875
162,0.11595020294189454,0.0008268356323242188,0.2959770114942529,0.31027736950224766,0.0001,"(25, 25)",2,"{'km__n_clusters': 2, 'NN__hidden_layer_sizes': (25, 25), 'NN__alpha': 0.0001}",140,0.37142857142857144,0.3752997601918465,0.34285714285714286,0.38848920863309355,0.07142857142857142,0.07314148681055156,0.38164251207729466,0.37992831541218636,0.3140096618357488,0.3345280764635603,0.03145247170744075,0.00032484837189381303,0.11510473886954978,0.12001481657317373
163,0.18881516456604003,0.0010761737823486329,0.3065134099616858,0.2793438367585502,0.0001,"(25, 25)",5,"{'km__n_clusters': 5, 'NN__hidden_layer_sizes': (25, 25), 'NN__alpha': 0.0001}",133,0.36666666666666664,0.34532374100719426,0.36666666666666664,0.3249400479616307,0.38095238095238093,0.34772182254196643,0.30917874396135264,0.2903225806451613,0.10628019323671498,0.0884109916367981,0.05277128398129636,0.0006930030022920741,0.10257307375538831,0.09765633143237361
164,0.15241007804870604,0.0008892059326171875,0.34770114942528735,0.355364740465692,0.0001,"(25, 25)",10,"{'km__n_clusters': 10, 'NN__hidden_layer_sizes': (25, 25), 'NN__alpha': 0.0001}",68,0.35714285714285715,0.3657074340527578,0.3619047619047619,0.3369304556354916,0.38571428571428573,0.3645083932853717,0.34299516908212563,0.3655913978494624,0.2898550724637681,0.34408602150537637,0.045446480782958217,0.0001630274514879484,0.03189087963117997,0.012346615547222104
165,0.16293954849243164,0.0007630348205566406,0.1685823754789272,0.17256646295866535,0.0001,"(25, 25)",15,"{'km__n_clusters': 15, 'NN__hidden_layer_sizes': (25, 25), 'NN__alpha': 0.0001}",180,0.12857142857142856,0.12829736211031176,0.14285714285714285,0.13189448441247004,0.16666666666666666,0.1366906474820144,0.13526570048309178,0.13142174432497014,0.27053140096618356,0.3345280764635603,0.03604494969947368,5.5103810361825987e-05,0.05231404005792184,0.08102529158905077
166,0.18043627738952636,0.0007855415344238282,0.30842911877394635,0.30651779651547584,0.0001,"(25, 25)",20,"{'km__n_clusters': 20, 'NN__hidden_layer_sizes': (25, 25), 'NN__alpha': 0.0001}",129,0.3904761904761905,0.3764988009592326,0.319047619047619,0.3237410071942446,0.22380952380952382,0.22541966426858512,0.22705314009661837,0.22461170848267623,0.38164251207729466,0.3823178016726404,0.024832934788582853,5.477433230800727e-05,0.0720616322241905,0.06960622825816584
167,0.21796131134033203,0.0016152381896972657,0.36398467432950193,0.3661767360305304,0.0001,"(25, 25)",25,"{'km__n_clusters': 25, 'NN__hidden_layer_sizes': (25, 25), 'NN__alpha': 0.0001}",49,0.38095238095238093,0.381294964028777,0.38095238095238093,0.3824940047961631,0.38095238095238093,0.38609112709832133,0.34782608695652173,0.3118279569892473,0.3285024154589372,0.36917562724014336,0.023273814557731542,0.0012228285402347357,0.021797520321862007,0.027763934091346188
168,0.22888822555541993,0.0009295940399169922,0.3390804597701149,0.34000154714937725,0.0001,"(25, 25)",30,"{'km__n_clusters': 30, 'NN__hidden_layer_sizes': (25, 25), 'NN__alpha': 0.0001}",85,0.2904761904761905,0.28896882494004794,0.38095238095238093,0.35611510791366907,0.3142857142857143,0.3237410071942446,0.3864734299516908,0.3715651135005974,0.32367149758454106,0.35961768219832735,0.023428447855298132,7.859326611862797e-05,0.037999259089546315,0.03003145754470831
169,0.256717586517334,0.0008956432342529297,0.3103448275862069,0.3208899547029043,0.0001,"(25, 25)",35,"{'km__n_clusters': 35, 'NN__hidden_layer_sizes': (25, 25), 'NN__alpha': 0.0001}",121,0.2857142857142857,0.2805755395683453,0.3380952380952381,0.3333333333333333,0.3476190476190476,0.3609112709832134,0.357487922705314,0.3345280764635603,0.2222222222222222,0.2951015531660693,0.016600342724337754,4.183864983705608e-05,0.05036660512838794,0.029095826213303602
170,0.2651334285736084,0.0009369373321533204,0.3371647509578544,0.3299381999776523,0.0001,"(25, 25)",40,"{'km__n_clusters': 40, 'NN__hidden_layer_sizes': (25, 25), 'NN__alpha': 0.0001}",94,0.38095238095238093,0.34532374100719426,0.2761904761904762,0.34772182254196643,0.2857142857142857,0.23741007194244604,0.36231884057971014,0.33811230585424135,0.38164251207729466,0.3811230585424134,0.02754328850884057,0.00014175298074890581,0.04672998986304835,0.048582162025083885
171,0.06898841857910157,0.0011078834533691407,0.38409961685823757,0.3802695478026181,0.0001,"(100, 25, 100)",2,"{'km__n_clusters': 2, 'NN__hidden_layer_sizes': (100, 25, 100), 'NN__alpha': 0.0001}",5,0.38095238095238093,0.381294964028777,0.3761904761904762,0.3920863309352518,0.38571428571428573,0.36930455635491605,0.3961352657004831,0.37753882915173237,0.38164251207729466,0.3811230585424134,0.009901456150180739,0.00024606171466101933,0.00670956881518508,0.0073362685940740555
172,0.13392200469970703,0.001033782958984375,0.36590038314176243,0.3786003455300276,0.0001,"(100, 25, 100)",5,"{'km__n_clusters': 5, 'NN__hidden_layer_sizes': (100, 25, 100), 'NN__alpha': 0.0001}",43,0.3761904761904762,0.38609112709832133,0.36666666666666664,0.3800959232613909,0.38095238095238093,0.381294964028777,0.3864734299516908,0.36917562724014336,0.3188405797101449,0.3763440860215054,0.0274991694709517,0.00019736623496246534,0.024290265094776633,0.005648460886324998
173,0.18014917373657227,0.0012573719024658204,0.37452107279693486,0.37236275495732446,0.0001,"(100, 25, 100)",10,"{'km__n_clusters': 10, 'NN__hidden_layer_sizes': (100, 25, 100), 'NN__alpha': 0.0001}",37,0.38095238095238093,0.37290167865707435,0.38095238095238093,0.3776978417266187,0.35714285714285715,0.36211031175059955,0.391304347826087,0.3643966547192354,0.36231884057971014,0.3847072879330944,0.0479658756791764,0.00013947950665188524,0.012757725924751722,0.008363162424469876
174,0.1812962055206299,0.0010667800903320312,0.3457854406130268,0.3580490446352595,0.0001,"(100, 25, 100)",15,"{'km__n_clusters': 15, 'NN__hidden_layer_sizes': (100, 25, 100), 'NN__alpha': 0.0001}",77,0.38571428571428573,0.3824940047961631,0.3619047619047619,0.3800959232613909,0.38095238095238093,0.3824940047961631,0.3333333333333333,0.36081242532855434,0.26570048309178745,0.2843488649940263,0.007154145346794435,0.00011076400660572904,0.04386490965888712,0.0377373283731051
175,0.1808774471282959,0.0013645648956298827,0.38409961685823757,0.3829022803262766,0.0001,"(100, 25, 100)",20,"{'km__n_clusters': 20, 'NN__hidden_layer_sizes': (100, 25, 100), 'NN__alpha': 0.0001}",5,0.38571428571428573,0.38369304556354916,0.38571428571428573,0.3824940047961631,0.38095238095238093,0.3824940047961631,0.38164251207729466,0.3811230585424134,0.3864734299516908,0.3847072879330944,0.01639131564118499,0.0002793807425033125,0.0023142180876764198,0.0012151024725759625
176,0.22676506042480468,0.0011119842529296875,0.38409961685823757,0.37331425182434697,0.0001,"(100, 25, 100)",25,"{'km__n_clusters': 25, 'NN__hidden_layer_sizes': (100, 25, 100), 'NN__alpha': 0.0001}",5,0.37142857142857144,0.3776978417266187,0.38095238095238093,0.3645083932853717,0.38571428571428573,0.3645083932853717,0.3961352657004831,0.3811230585424134,0.3864734299516908,0.37873357228195936,0.024396019192542074,7.767368483800258e-05,0.008040606588327146,0.007275282073302742
177,0.24800748825073243,0.0014615058898925781,0.37452107279693486,0.3713880508496429,0.0001,"(100, 25, 100)",30,"{'km__n_clusters': 30, 'NN__hidden_layer_sizes': (100, 25, 100), 'NN__alpha': 0.0001}",37,0.38095238095238093,0.36211031175059955,0.35714285714285715,0.34532374100719426,0.38095238095238093,0.37889688249400477,0.3864734299516908,0.3835125448028674,0.3671497584541063,0.3870967741935484,0.0332027729446414,0.00015782676061711477,0.010792887058365983,0.015592142801639492
178,0.3006093978881836,0.0014661312103271484,0.37452107279693486,0.37618937108377815,0.0001,"(100, 25, 100)",35,"{'km__n_clusters': 35, 'NN__hidden_layer_sizes': (100, 25, 100), 'NN__alpha': 0.0001}",37,0.3761904761904762,0.3752997601918465,0.37142857142857144,0.36930455635491605,0.38095238095238093,0.37290167865707435,0.3864734299516908,0.37992831541218636,0.357487922705314,0.3835125448028674,0.027323443717102724,0.00023546861985092817,0.009831330372358386,0.005032088649721917
179,0.3094612121582031,0.0013874530792236327,0.382183908045977,0.37692340751055065,0.0001,"(100, 25, 100)",40,"{'km__n_clusters': 40, 'NN__hidden_layer_sizes': (100, 25, 100), 'NN__alpha': 0.0001}",15,0.38571428571428573,0.38609112709832133,0.38095238095238093,0.37410071942446044,0.38095238095238093,0.381294964028777,0.38164251207729466,0.35961768219832735,0.38164251207729466,0.3835125448028674,0.035948398541785324,0.00017655668331915763,0.00179817199265282,0.00952921839084951
